ID, Date      , Car Type    , Odometer (Km), Distance (Km), "City, Road", Spent Fuel  (L), Current Tank  (L), Fuel  Supplied  (L), Gas Station        , Total (R$) , Unit Value (R$/L), Consumtion     (Km/L), Tank Level         , Period (d), Photo Bill
  ,           ,             ,              ,              ,             ,                ,                  ,                    ,                    ,            ,                  ,                      ,                    ,           , 
  ,           ,             ,              ,              ,             ,                ,                  ,                    ,                    ,            ,                  ,                      ,                    ,           , 
  ,           ,             ,              ,              ,             ,                ,                  ,                    ,                    ,            ,                  ,                      ,                    ,           , 
  ,           ,             ,              ,              ,             ,                ,                  ,                    ,                    ,            ,                  ,                      ,                    ,           , 
  ,           ,             ,              ,              ,             ,                ,                  ,                    ,                    ,            ,                  ,                      ,                    ,           , 
  ,           ,             ,              ,              ,             ,                ,                  ,                    ,                    ,            ,                  ,                      ,                    ,           , 
 8, jul.-27   , Hyundai I-30,     62702    ,           156, City        , "20,45"        , 53               , "18,73"            , P V Rao 2          , "R$ 104,70", "R$ 5,59"        , "8,33"               ,                    ,         14, 
 9, ago.-6    , Hyundai I-30,        62.855,           153, City        , "18,37"        , "53,00"          , "20,00"            , P V Rao 2          , "R$ 113,80", "R$ 5,69"        , "7,65"               , Full Tank          ,         10, Combustível_Images/08-06-2024.Photo Bill.135619.jpg
10, ago.-17   , Hyundai I-30,        63.017,           162, City        , "21,18"        , "53,00"          , "25,92"            , Av Interlagos      , "R$ 147,48", "R$ 5,69"        , "6,25"               , Full Tank - refresh,         11, Combustível_Images/1063017.Photo Bill.192656.jpg
11, ago.-27   , Hyundai I-30,        63.180,           163, City        , "26,08"        , "53,00"          , "19,90"            , P V Rao 2          , "R$ 115,22", "R$ 5,79"        , "8,19"               , Full Tank - refresh,         10, Combustível_Images/1163180.Photo Bill.130806.jpg
12, set.-7    , Hyundai I-30,        63.406,           226, City        , "27,59"        , "53,00"          , "26,06"            , P V Rao 2          , "R$ 150,37", "R$ 5,77"        , "8,67"               , Full Tank - refresh,         11, Combustível_Images/1263406.Photo Bill.202626.jpg
13, set.-17   , Hyundai I-30,        63.582,           176, City        , "20,30"        , "53,00"          , "27,69"            , P Berrini 355      , "R$ 151,77", "R$ 5,48"        , "6,36"               , Full Tank - refresh,         10, Combustível_Images/1363582.Photo Bill.150529.jpg
14, set.-28   , Hyundai I-30,        63.777,           195, City        , "30,66"        , "53,00"          , "26,44"            , P V Rao            , "R$ 150,44", "R$ 5,69"        , "7,38"               , Full Tank - refresh,         11, Combustível_Images/1463777.Photo Bill.192605.jpg
15, out.-8    , Hyundai I-30,        63.939,           162, City        , "21,95"        , "53,00"          , "20,86"            , P V Rao 2          , "R$ 118,69", "R$ 5,69"        , "7,77"               , Full Tank - refresh,         10, Combustível_Images/1563939.Photo Bill.125009.jpg
16, out.-19   , Hyundai I-30,        64.129,           190, City        , "24,45"        , "53,00"          , "26,65"            , P V Rao 2          , "R$ 151,64", "R$ 5,69"        , "7,13"               , Full Tank - refresh,         11, Combustível_Images/1664129.Photo Bill.132600.jpg
17, out.-29   , Hyundai I-30,        64.310,           181, City        , "25,39"        , "53,00"          , "22,85"            , P V Rao            , "R$ 130,03", "R$ 5,69"        , "7,92"               , Full Tank - refresh,         10, Combustível_Images/1764310.Photo Bill.130432.jpg
18, nov.-12   , Hyundai I-30,        64.507,           197, City        , "24,87"        , "53,00"          , "27,17"            , P V Rao            , "R$ 154,50", "R$ 5,69"        , "7,25"               , Full Tank - refresh,         14, Combustível_Images/1864507.Photo Bill.135227.jpg
19, nov.-27   , Hyundai I-30,        64.700,           193, City        , "26,62"        , "53,00"          , "26,13"            , P V Rao 2          , "R$ 148,21", "R$ 5,67"        , "7,39"               , Full Tank - refresh,         15, Combustível_Images/1964700.Photo Bill.123135.jpg
20, dez.-10   , Hyundai I-30,        64.872,           172, City        , "23,27"        , "53,00"          , "24,97"            , P V Rao 2          , "R$ 141,58", "R$ 5,67"        , "6,89"               , Full Tank - refresh,         13, Combustível_Images/2064872.Photo Bill.130617.jpg
21, dez.-23   , Hyundai I-30,        65.066,           194, City        , "28,16"        , "53,00"          , "25,09"            , P V Rao 2          , "R$ 142,26", "R$ 5,67"        , "7,73"               , Full Tank - refresh,         13, Combustível_Images/2165066.Photo Bill.131905.jpg
22, jan.-13   , Hyundai I-30,        65.302,           236, City        , "30,53"        , "53,00"          , "30,84"            , Posto João Dias    , "R$ 184,70", "R$ 5,99"        , "7,65"               , Full Tank - refresh,         21, Combustível_Images/2265302.Photo Bill.132740.jpg
23, jan.-31   , Hyundai I-30,        65.478,           176, City        , "23,01"        , "53,00"          , "22,40"            , P V Rao 2          , "R$ 127,01", "R$ 5,67"        , "7,86"               , Full Tank - refresh,         18, Combustível_Images/2365478.Photo Bill.125602.jpg
24, fev.-17   , Hyundai I-30,        65.705,           227, City        , "28,88"        , "53,00"          , "29,54"            , Posto Nações Unidas, "R$ 167,49", "R$ 5,67"        , "7,68"               , Full Tank - refresh,         17, Combustível_Images/2465705.Photo Bill.140850.jpg
25, mar.-9    , Hyundai I-30,        65.923,           218, City        , "28,39"        , "53,00"          , "32,66"            ,                    , "R$ 185,23", "R$ 5,67"        , "6,67"               , Full Tank - refresh,         20, Combustível_Images/2565923.Photo Bill.133702.jpg
26, mar.-25   , Hyundai I-30,        66.133,           210, City        , "31,48"        , "53,00"          , "28,24"            , P V Rao 2          , "R$ 163,51", "R$ 5,79"        , "7,44"               , Full Tank - refresh,         16, Combustível_Images/2666133.Photo Bill.135119.jpg
27, abr.-18   , Hyundai I-30,        66.369,           236, City        , "31,72"        , "53,00"          , "32,45"            , P V Rao 2          , "R$ 187,94", "R$ 5,79"        , "7,27"               , Full Tank - refresh,         24, Combustível_Images/2766369.Photo Bill.142322.jpg
28, mai.-4    , Hyundai I-30,        66.554,           185, City        , "25,45"        , "53,00"          , "22,63"            , P V Rao 2          , "R$ 131,03", "R$ 5,79"        , "8,17"               , Full Tank - refresh,         16, Combustível_Images/2866554.Photo Bill.201412.jpg
29, mai.-23   , Hyundai I-30,        66.765,           211, City        , "25,83"        , "53,00"          , "26,17"            , P V Rao 2          , "R$ 150,74", "R$ 5,76"        , "8,06"               , Full Tank - refresh,         19, Combustível_Images/2966765.Photo Bill.132853.jpg
30, jun.-8    , Hyundai I-30,        66.979,           214, City        , "26,55"        , "53,00"          , "27,58"            , P V Rao 2          , "R$ 156,93", "R$ 5,69"        , "7,76"               , Full Tank - refresh,         16, Combustível_Images/3066979.Photo Bill.205105.jpg
31, jun.-26   , Hyundai I-30,        67.205,           226, City        , "29,12"        , "53,00"          , "28,34"            , P V Rao 2          , "R$ 158,42", "R$ 5,59"        , "7,97"               , Full Tank - refresh,         18, Combustível_Images/3167205.Photo Bill.125914.jpg
32, jul.-18   , Hyundai I-30,        67.476,           271, City        , "34,00"        , "53,00"          , "34,42"            , P V Rao 2          , "R$ 192,41", "R$ 5,59"        , "7,87"               , Full Tank - refresh,         22, Combustível_Images/3267476.Photo Bill.134106.jpg
33, ago.-7    , Hyundai I-30,        67.733,           257, City        , "32,66"        , "53,00"          , "32,09"            , P V Rao 2          , "R$ 179,38", "R$ 5,59"        , "8,01"               , Full Tank - refresh,         20, Combustível_Images/3367733.Photo Bill.135354.jpg
34, ago.-29   , Hyundai I-30,        68.020,           287, City        , "35,83"        , "53,00"          , "42,10"            , P V Rao 2          , "R$ 238,29", "R$ 5,66"        , "6,82"               , Full Tank - refresh,         22, Combustível_Images/3468020.Photo Bill.132829.jpg
35, set.-18   , Hyundai I-30,        68.265,           245, City        , "35,92"        , "53,00"          , "33,62"            , P V Rao 2          , "R$ 193,65", "R$ 5,76"        , "7,29"               , Full Tank - refresh,         20, Combustível_Images/3568265.Photo Bill.131947.jpg
36, out.-9    , Hyundai I-30,        68.527,           262, City        , "35,94"        , "53,00"          , "31,73"            , P V Rao            , "R$ 179,91", "R$ 5,67"        , "8,26"               , Full Tank - refresh,         21, Combustível_Images/3668527.Photo Bill.130302.jpg
37, nov.-3    , Hyundai I-30,        68.815,           288, City        , "34,87"        , "53,00"          , "38,23"            , P V Rao            , "R$ 216,76", "R$ 5,67"        , "7,53"               , Full Tank - refresh,         25, Combustível_Images/3768815.Photo Bill.130041.jpg
38, nov.-24   , Hyundai I-30,        69.101,           286, City        , "37,98"        , "53,00"          , "39,95"            , P V Rao 2          , "R$ 229,31", "R$ 5,74"        , "7,16"               , Full Tank - refresh,         21, Combustível_Images/3869101.Photo Bill.130019.jpg
39, 12/12/2025, Hyundai I-30,     69337    ,           236, City        , "32,96"        , 53               , "31,91"            , Posto Paz          , "181,57"   , "5,69"           , "7,4"                , Full Tank - refresh,         18, Combustível_Images/3969337.Photo Bill.134618.jpg
40, 09/01/2026, Hyundai I-30,     69662    ,           325, City        , "43,92"        , 53               , "39,76"            , Posto Paz          , "234,19"   , "5,89"           , "8,17"               , Full Tank - refresh,         28, Combustível_Images/4069662.Photo Bill.145500.jpg
41, 02/02/2026, Hyundai I-30,     69951    ,           289, City        , "35,37"        , 53               , "38,67"            , Posto Paz          , "221,97"   , "5,74"           , "7,47"               , Full Tank - refresh,         24, Combustível_Images/4169951.Photo Bill.134441.jpg
42, 23/02/2026, Hyundai I-30,     70211    ,           260, City        , "34,81"        , 53               , "36,84"            , P V Rao 2          , "213,3"    , "5,79"           , "7,06"               , Full Tank - refresh,         21, Combustível_Images/4270211.Photo Bill.131407.jpg
43, 24/03/2026, Hyundai I-30,     70460    ,           249, City        , "35,27"        , 53               , "35,71"            , Posto Paz          , "231,76"   , "6,49"           , "6,97"               , Full Tank - refresh,         29, Combustível_Images/4370460.Photo Bill.144012.jpg